{"1000": {"0.1": {"omega": [0.95895273910557, 0.9093643895306707, 0.8647393128063141, 0.8327551323891074, 0.7550573611009003, 0.7424129540335508, 0.7135232656378694]}, "0.3": {"omega": [0.9279406340797842, 0.8577810936741308, 0.8070541936869643, 0.7788257851475369, 0.6696019925270834, 0.6644466766012388, 0.6489518049370351]}}, "5000": {"0.1": {"omega": [0.9552609110100743, 0.9039710123411954, 0.851521650687609, 0.8024128587569966, 0.7469799885169816, 0.7056026459815414, 0.6664443848210578]}, "0.3": {"omega": [0.8987647048875169, 0.8625933072048757, 0.7433744525270938, 0.7394361070137098, 0.6853764252495886, 0.6401555206690218, 0.5845706065487928]}}}